<beans xmlns="http://www.springframework.org/schema/beans"
	xmlns:xsi="http://www.w3.org/2001/XMLSchema-instance" 
	xmlns:context="http://www.springframework.org/schema/context"
	xmlns:util="http://www.springframework.org/schema/util"
	xmlns:p="http://www.springframework.org/schema/p"
	xsi:schemaLocation="http://www.springframework.org/schema/beans
     http://www.springframework.org/schema/beans/spring-beans-3.0.xsd
     http://www.springframework.org/schema/context
     http://www.springframework.org/schema/context/spring-context-3.0.xsd
     http://www.springframework.org/schema/util 
     http://www.springframework.org/schema/util/spring-util-3.0.xsd">

	<context:annotation-config/>
	
    <context:component-scan base-package="com.igate.spel"/>
    
    <!-- Create an object of java.util.List of List<City> objects -->
    <util:list id="cities" >
    <bean class="com.igate.spel.City"
         p:name="Chicago" p:state="IL" p:population="100000"/>
    <bean class="com.igate.spel.City"
         p:name="Atlanta" p:state="GA" p:population="200002"/>
    <bean class="com.igate.spel.City"
          p:name="Dallas" p:state="TX" p:population="300000"/>
   </util:list>
   
    <bean id="employee" class="com.igate.spel.Employee">
<!--    <property name="eid" value="#{10*20}" />-->
		<property name="eid" value="#{T(java.lang.Math).random() * 100}"/>
		<!-- <property name="enm" value="#{person.firstName}" /> --> 
		<property name="enm" value="#{person.getLastName()}" />
		<property name="esl" value="#{12345.56}" />
		<property name="eage" value="#{person.age}" />
		<property name="eCity" value="#{cities[2]}" />
		<property name="locs" value="#{newCities.?[population le 100000].?[name.matches('Ranchi')].![state]}"/>
	</bean>
	

	<bean id="person" class="com.igate.spel.Person">
		<property name="firstName" value="mohan" />
		<property name="lastName" value="kumar" />
		<property name="age" value="28" />
		
	</bean>
	
	
	<bean id="city1" class="com.igate.spel.City">
		<property name="name" value="Bangalore" />
		<property name="population" value="6000000" />
		<property name="state" value="Karnatake" />
	</bean>
	<bean id="city2" class="com.igate.spel.City">
		<property name="name" value="Mysore" />
		<property name="population" value="1000000" />
		<property name="state" value="Karnatake" />
	</bean>
	<bean id="city3" class="com.igate.spel.City">
		<property name="name" value="Pune" />
		<property name="population" value="5000000" />
		<property name="state" value="Maharashtra" />
	</bean>
	<bean id="city4" class="com.igate.spel.City">
		<property name="name" value="Chennai" />
		<property name="population" value="8000000" />
		<property name="state" value="Tamilnadu" />
	</bean>
	
	<bean id="cList" class="com.igate.spel.CityList">
	  <property name="cityList"><!-- value="#{newCities.?[population gt 100000]}">	 -->   
	    <list>	    
	     <value>#{city1}</value>
	     <value>#{city2}</value>
	     <value>#{city3}</value>
	     <value>#{city4}</value>
	   </list>   
	 </property>
    </bean>
    
   <!--  Example for Selection -->
    <util:list id="newCities" >
    	<bean  class="com.igate.spel.City">
		<property name="name" value="Bhopal" />
		<property name="population" value="6000000" />
		<property name="state" value="MadhyaPradesh" />
	</bean>
	<bean  class="com.igate.spel.City">
		<property name="name" value="Ranchi" />
		<property name="population" value="10000" />
		<property name="state" value="Jharkhand" />
	</bean>
	<bean  class="com.igate.spel.City">
		<property name="name" value="Kolkata" />
		<property name="population" value="5000000" />
		<property name="state" value="WestBengal" />
	</bean>
	<bean class="com.igate.spel.City">
		<property name="name" value="Hyderabad" />
		<property name="population" value="8000" />
		<property name="state" value="Telangana" />
	</bean>
	<bean class="com.igate.spel.City">
		<property name="name" value="Chennai" />
		<property name="population" value="90000" />
		<property name="state" value="TamilNadu" />
	</bean>
   </util:list>
</beans>