<?xml version="1.0" encoding="UTF-8"?>
<beans xmlns="http://www.springframework.org/schema/beans"
	xmlns:xsi="http://www.w3.org/2001/XMLSchema-instance" 
	xmlns:aop="http://www.springframework.org/schema/aop"
	xsi:schemaLocation="http://www.springframework.org/schema/beans 
	http://www.springframework.org/schema/beans/spring-beans-4.0.xsd">

<!-- Setter Injector
Account a1=new Account();
a1.setBalance(36000.50);
a1.AccId("SA876");
a1.setNoOfYears(3);-->
	

	 <bean id="myAccount" class="com.igate.Account">
		<property name="balance" value="36000.50"/>
		<property name="accId" value="SA876"/>
		<property name="noOfYears" value="3"/>
	</bean>  
<!-- Constructor Injection
	public Account(String accId, float balance, int noOfYears) {}
Account a1=new Account(79998.5f,"FP786",5);
 -->
	<bean id="myAccount2" class="com.igate.Account">
		<constructor-arg type="float"><value>79998.5</value></constructor-arg>
		<constructor-arg type="String"><value>FP786</value></constructor-arg>	
		<constructor-arg type="int"><value>5</value></constructor-arg>
	</bean>
	
	<bean id="acc2" class="com.igate.Account">
		<constructor-arg index="1"><value>79998.5</value></constructor-arg>
		<constructor-arg index="0"><value>FP786</value></constructor-arg>	
		<constructor-arg index="2"><value>5</value></constructor-arg>
	</bean>
</beans>