<beans xmlns="http://www.springframework.org/schema/beans"
	xmlns:xsi="http://www.w3.org/2001/XMLSchema-instance" xmlns:context="http://www.springframework.org/schema/context"
	xsi:schemaLocation="http://www.springframework.org/schema/beans
     http://www.springframework.org/schema/beans/spring-beans-4.0.xsd
     http://www.springframework.org/schema/context
     http://www.springframework.org/schema/context/spring-context-4.0.xsd">
	
	<context:component-scan base-package="com.igate" />

	<bean id="cust1" class="com.igate.Customer">
     	<property name="cname" value="Laksh"/>
     	<property name="loc" value="Chennai"/>
     </bean>
     
    <bean id="cust2" class="com.igate.Customer">
     	<property name="cname" value="Sita"/>
     	<property name="loc" value="Pune"/>
     </bean>  
	
</beans>